Target_ID,Motif
"P58154","NaN"
"Q9GZT9","CELCGKMENLLRCSRCRSSFYCCKEHQRQDWKKHKLVC"
"P02752","NaN"
"Q9Z429","NaN"
"P15474","LNGPNLNLLGQRQPEIYG"
"P9WNS1","NaN"
"P07550","ASIETLCVIAVDRYFAI"
"P21728","ASILNLCVISVDRYWAI"
"P25102","ASILNLFMISLDRYCAV"
"P31390","ASIFSVFILCIDRYRSV"
"P47747","ASILNLFMISLDRYCAV"
"P0A881","NaN"
"P25098","VVYRDLKPANILL"
"P55263","DTNGAGDAFVGGFL"
"P15090","GTWKLVSSENFDDYMKEV"
"Q01469","GRWRLVDSKGFDEYMKEL"
"P06239","LGAGQFGEVWMGYYNGHTKVAVK"
"P08684","FGSGPRNCIG"
"Q15109","YSCVATH"
"Q63495","YSCVATH"
"P31550","PFDYGYFAFVYDKNKLKN"
"Q9RUB5","GADGATHNGVFDLSFLR"
"P30994","ASIMHLCAISLDRYIAI"
"P16257","NaN"
"P00918","SEHTVDKKKYAAELHLV"
"P22001","NaN"
"P04278","NaN"
"P08909","ASIMHLCAISLDRYVAI"
"P28221","ASILHLCVIALDRYWAI"
"P21836","FGGDPMSVTLFGESAG"
"Q16620","FVHRDLATRNCLV"
"P08588","ASIETLCVIALDRYLAI"
"P13945","ASIETLCALAVDRYLAV"
"P04798","FGMGKRKCIG"
"O43570","SEHTVSGQHFAAELHIV"
"P00915","SEHTVDGVKYSAELHVA"
"P22748","SEHSLDGEHFAMEMHIV"
"P23280","SEHTVDGIRHVIEIHIV"
"P35218","SEHTVDGHAYPAELHLV"
"P43166","SEHTVDGKSFPSELHLV"
"Q16790","SEHTVEGHRFPAEIHVV"
"Q8N1Q1","SEHIVDGVSYAAELHVV"
"Q9ULX7","NaN"
"Q28044","ASIETLCVIAVDRYLAI"
"P9WP01","LVLAGRIHAYEGHDLRYVVHPVRAARAAGAQIMVLTNAAGGL"
"P10276","CFVCQDKSSGYHYGVSACEGCKGFFRR"
"O60885","AWPFQQPVDAVKLNLPDYYKIIKTPMDMGTIKKRLENNYYWNAQECIQDFNTMFTNCYIY"
"P13631","CFVCNDKSSGYHYGVSSCEGCKGFFRR"
"P04629","FVHRDLATRNCLV"
"Q9Y251","NaN"
"Q8K4Z4","ASIETLCVIAVDRYFAI"
"P35367","ASIFSVFILCIDRYRSV"
"Q13936","NaN"
"P16390","NaN"
"Q05320","NaN"
"P17658","NaN"
"P22460","NaN"
"P48547","NaN"
"P18090","ASIETLCVIALDRYLAI"
"P35348","ASIMGLCIISIDRYIGV"
"O15379","NaN"
"P43140","ASIMGLCIISIDRYIGV"
"P30542","SSILALLAIAVDRYLRV"
"P25095","ASVFLLTCLSIDRYLAI"
"P10826","CFVCQDKSSGYHYGVSACEGCKGFFRR"
"P10415","VHLTLRQAGDDFSRR"
"P35354","NaN"
"Q07817","WIQENGGWDTFV"
"P02768","YKAAFTECCQAADKAACLLPKLDEL"
"P62157","DKDGDGTITTKEL"
"Q9JI35","SSVFNIVLISYDRFLSV"
"P9WPL0","FGKGAHFCVG"
"P9WPL4","FGFGTHFCLG"
"P9WPN4","FSHGAHHCLG"
"P9WPP0","NaN"
"P9WPP7","FGRGQHFCPG"
"P14842","ASIMHLCAISLDRYVAI"
"P31389","ASIFSVFILCIDRYRSV"
"P0A9A6","NTDAQALRKTAVGQTIQIGSGITKGLGAGANPEVG"
"P70605","NaN"
"P14867","CPMHLEDFPMDAHAC"
"P43490","NaN"
"P19793","CAICGDRSSGKHYGVYSCEGCKGFFKR"
"O75936","NaN"
"P23944","ASILSLCTISVDRYVGV"
"Q96GD4","VIHRDIKPENLLL"
"Q16850","LTASHC"
"Q7Z1V1","FGAGVHKCIG"
"P23975","YLFSSFTLNLPWTDCGHTWNS"
"P31645","YLISSFTDQLPWTSCKNSWNT"
"P0A6D3","LFLGNAGTAMRPLAA"
"P28482","IGEGAYGMVCSAYDNVNKVRVAIKK"
"P08482","ASVMNLLLISFDRYFSV"
"O75116","LIHRDVKPDNMLL"
"P08483","ASVMNLLVISFDRYFSI"
"P10980","ASVMNLLIISFDRYFCV"
"P18089","SSIVHLCAISLDRYWAV"
"P28704","CAICGDRSSGKHYGVYSCEGCKGFFKR"
"P34976","ASVFLLTCLSIDRYLAI"
"P23977","YFFSSFTMDLPWIHCNNTWNS"
"P08172","ASVMNLLIISFDRYFCV"
"P24046","CNMDFSRFPLDTQTC"
"P28476","CNMDFSHFPLDSQTC"
"P05230","GLLYGSQTPNEECLFLERLEENHY"
"P09038","GRLLASKCVTDECFFFERLESNNY"
"Q01959","YLFSSFTTELPWIHCNNSWNS"
"O70212","CSLDIYNFPFDVQNC"
"P18031","VHCSAGIGRSG"
"P19921","NaN"
"P09874","CKKCSESIPKDSLRMAIMVQSPMFDGKVPHWYHFSC"
"P54833","ASIETLCVIAVDRYFAI"
"Q2NNR5","NaN"
"P31652","YLISSLTDRLPWTSCTNSWNT"
"P34969","ASIMTLCVISIDRYLGI"
"P08908","SSILHLCAIALDRYWAI"
"P14416","ASILNLCAISIDRYTAV"
"P21447","LSGGQKQRIAIARAL"
"O00329","FKNGDDLRQDMLTLQ"
"O14733","VIHRDVKPSNILL"
"O00444","ILHRDLTLSNLLL"
"O14936","TTRPPKKDEENGKNYYFV"
"O14965","VIHRDIKPENLLL"
"O14976","IIHRDLKVENLLL"
"O15075","IVHRDIKPENLLV"
"O15197","CNGEGKWMVAVGGCRCQPGYQ"
"O15264","FQSEIFAKRAYRELLLLKHMQHENVIGLLDVFTPASSLRNFYDFYLVMPFMQTDLQKIMGMEFSEEKIQYLVYQMLKGLKYIHSAGVVHRDLKPGNLAVNEDC"
"O43283","IIHRDLKSPNVLV"
"O43318","VGRGAFGVVCKAKWRAKDVAIK"
"O43293","LGSGQFAIVRKCRQKGTGKEYAAKFIKK"
"O60285","VVHRDLKLENILL"
"O60331","NaN"
"O60674","LGKGNFGSVEMCRYDPLQDNTGEVVAVKK"
"O75385","IGHGAFAVVFKGRHREKHDLEVAVK"
"O75460","IVHRDLKPHNILI"
"O75582","LGTGAYGKVFLVRKISGHDTGKLYAMK"
"O75716","YAHRDLKPTNILL"
"O75747","FKAGDDLRQDMLVLQ"
"O75914","VIHRDIKSDNILL"
"O94921","LGEGSYATVYKGKSKVNGKLVALK"
"O95382","LGKGTYGVVYAGRDRHTRVRIAIK"
"O95747","IGSGATAVVQAAYCAPKKEKVAIK"
"O95819","VGNGTYGQVYKGRHVKTGQLAAIK"
"O95835","FIHRDIKPDNILI"
"O96013","IGEGSTGIVCIATVRSSGKLVAVKK"
"O96017","IIHRDLKPENVLL"
"P00519","FIHRDLAARNCLV"
"P06213","DIYETDYYR"
"P00533","LVHRDLAARNVLV"
"P06241","LGNGQFGEVWMGTWNGNTKVAIK"
"P07332","CIHRDLAARNCLV"
"P07333","GQHENIVNLLGACT"
"P07947","LGQGCFGEVWMGTWNGTTKVAIK"
"P07948","YIHRDLRAANVLV"
"P07949","LGEGEFGKVVKATAFHLKGRAGYTTVAVK"
"P08069","DIYETDYYR"
"P08581","FVHRDLAARNCML"
"P08631","YIHRDLRAANILV"
"P08922","DIYKNDYYR"
"P09619","CVHRDLAARNVLI"
"P0C1S8","IGVGEFGTVYKCIKRLDGCVYAIK"
"P0C264","LGSGSYGRVLLAQPHQGGPAVALK"
"P10721","CIHRDLAARNILL"
"P11309","VLHRDIKDENILI"
"P11799","IVHLDLKPENIMC"
"P15056","IGSGSFGTVYKGKWHGDVAVK"
"P15735","IVHRDLKPENILL"
"P16234","GPHLNIVNLLGACT"
"P16591","LGKGNFGEVYKGTLKDKTSVAVK"
"P17612","LIYRDLKPENLLI"
"P17948","GHHLNVVNLLGACT"
"P19784","LGRGKYSEVFEAINITNNERVVVK"
"P20794","FFHRDMKPENLLC"
"P21709","CSPDGEWLVPVGRCHCEPGYE"
"P21802","CIHRDLAARNVLV"
"P21860","NaN"
"P22455","LGEGCFGQVVRAEAFGMDPARPDQASTVAVK"
"P22607","LGEGCFGQVVMAEAIGIDKDRAAKPVTVAVK"
"P22694","LGTGSFGRVMLVKHKATEQYYAMK"
"P23443","LGKGGYGKVFQVRKVTGANTGKIFAMK"
"P23458","YVHRDLAARNVLV"
"P24941","IGEGTYGVVYKARNKLTGEVVALK"
"P27037","ISHRDIKSKNVLL"
"P29317","CLCQAGYEKVEDAC"
"P29322","FQDIGACLAILSLRIYYKKCP"
"P29320","VGAGEFGEVCSGRLKLPSKKEISVAIK"
"P29323","YVHRDLAARNILV"
"P29376","FIHRDIAARNCLL"
"P30291","LVHMDIKPSNIFI"
"P29597","YIHRDLAARNVLL"
"P30530","FIHRDLAARNCML"
"P31749","VVYRDLKLENLML"
"P32298","IVYRDLKPENILL"
"P35590","IGEGNFGQVIRAMIKKDGLKMNAAIK"
"P36507","IMHRDVKPSNILV"
"P35916","CIHRDLAARNILL"
"P36896","IGKGRFGEVWRGRWRGGDVAVK"
"P37023","IAHRDFKSRNVLV"
"P37173","VGKGRFAEVYKAKLKQNTSEQFETVAVK"
"P41240","IGKGEFGDVMLGDYRGNKVAVK"
"P42336","FKNGDDLRQDMLTLQ"
"P42338","FKNGDDLRQDMLTLQ"
"P42345","LKGHEDLRQDERVMQ"
"P42684","FIHRDLAARNCLV"
"P43403","FVHRDLAARNVLL"
"P42685","YIHRDLAARNVLV"
"P43405","LGSGNFGTVKKGYYQMKKVVKTVAVK"
"P45983","IIHRDLKPSNIVV"
"P45984","IIHRDLKPSNIVV"
"P48729","FIHRDIKPDNFLM"
"P49137","LGLGINGKVLQIFNKRTQEKFALK"
"P48730","FIHRDVKPDNFLM"
"P49674","FIHRDVKPDNFLM"
"P49760","LTHTDLKPENILF"
"P49761","LGEGTFGKVVECLDHARGKSQVALK"
"P49841","ICHRDIKPQNLLL"
"P50613","LGEGQFATVYKARDKNTNQIVAIKK"
"P50750","ILHRDMKAANVLI"
"P51451","LGSGQFGEVWMGYYKNNMKVAIK"
"P51617","IGEGGFGCVYRAVMRNTVYAVK"
"P51812","VEVNHPFIVKL"
"P51813","FIHRDLAARNCLV"
"P51817","VGTGTFGRVHLVKEKTAKHFFALK"
"P51955","VLHRDLKPANVFL"
"P51957","VGKGSYGEVTLVKHRRDGKQYVIKK"
"P52333","LLHGVCMAGDS"
"P52564","VIHRDVKPSNVLI"
"P53350","VIHRDLKLGNLFL"
"P53355","IAHFDLKPENIML"
"P53667","CASCGQRIYDGQYLQALNADWHADCFRCCDCSASL"
"P53671","CPGCGDHIAPSQIWYRTVNETWHGSCFRCSECQDSL"
"P53779","FQNQTHAKRAYRELVLMKCVNHKNIISLLNVFTPQKTLEEFQDVYLVMELMDANLCQVIQMELDHERMSYLLYQMLCGIKHLHSAGIIHRDLKPSNIVVKSDC"
"P54646","LGVGTFGKVKIGEHQLTGHKVAVK"
"P54753","YVHRDLAARNILV"
"P54764","FQDVGACIALVSVRVFYKKCP"
"P57059","IVHRDLKTENLLL"
"P57058","LGEGSFAKVREGLHVLTGEKVAIKVIDKKRAKK"
"P68370","GGGTGSG"
"P78368","IGCGNFGELRLGKNLYTNEYVAIK"
"P68400","IMHRDVKPHNVMI"
"P9WI81","LGFGGMSEVHLARDLRLHRDVAVK"
"Q00526","IGEGTYGVVYKAKNRETGQLVALK"
"Q00535","VLHRDLKPQNLLI"
"Q00536","LGEGTYATVYKGKSKLTDNLVALK"
"Q00537","VLHRDLKPQNLLI"
"Q02156","HKFMATYLRQPTYCSHCRDFIWGVIGKQGYQCQVCTCVVHKRCHELIITKC"
"Q02750","LGAGNGGVVFKVSHKPSGLVMARK"
"Q04759","HEFTATFFPQPTFCSVCHEFVWGLNKQGYQCRQCNAAIHKKCIDKVIAKC"
"Q02763","CICPPGFMGRTC"
"Q04771","IAHRDLKSKNILV"
"Q04912","IGKGHFGVVYHGEYIDQAQNRIQCAIK"
"Q05397","IGEGQFGDVHQGIYMSPENPALAVAIK"
"Q05655","LGKGSFGKVLLGELKGRGEYFAIK"
"Q06187","FLHRDLAARNCLV"
"Q08345","PRADRVMSVCLRVELYGC"
"Q09013","YVHRDIKPDNILL"
"Q12851","VGAGTYGDVYKARDTVTSELAAVK"
"Q12852","IIHRDLKSPNMLI"
"Q13043","LGEGSYGSVYKAIHKETGQIVAIK"
"Q13131","VVHRDLKPENVLL"
"Q13153","IGQGASGTVYTAMDVATGQEVAIK"
"Q13164","IGNGAYGVVSSARRRLTGQQVAIKK"
"Q13177","IGQGASGTVFTATDVALGQEVAIK"
"Q13237","IIYRDLKPENLIL"
"Q13470","LGSGCFGVVHRGLWTLPSGKSVPVAVK"
"Q13464","FIHRDVKPDNMLL"
"Q13554","IGKGAFSVVRRCVKLCTGHEYAAK"
"Q13627","IIHCDLKPENILL"
"Q13557","LGKGAFSVVRRCMKIPTGQEYAAK"
"Q13705","IAHRDFKSKNVLL"
"Q13873","IGRGRYGAVYKGSLDERPVAVK"
"Q13976","LGVGGFGRVELVQLKSEESKTFAMK"
"Q14004","FLHRDIKCSNILL"
"Q14012","IVHRDLKPENLLY"
"Q14164","LGQGATASVYKARNKKSGELVAVK"
"Q14289","CVHRDIAVRNILV"
"Q14680","YAHRDLKPENLLF"
"Q15139","HALFVHSYRAPAFCDHCGEMLWGLVRQGLKCEGCGLNYHKRCAFKIPNNC"
"Q15208","FIHRDIKPDNLLL"
"Q15349","LGQGSYGKVFLVRKVKGSDAGQLYAMK"
"Q15418","LGQGSFGKVFLVRKVTRPDSGHLYAMK"
"Q15569","IGAGFFSEVYKVRHRQSGQVMVLK"
"Q15759","VGSGAYGSVCSAYDARLRQKVAVKK"
"Q15835","IVYRDLKPENVLL"
"Q16512","IVYRDLKLDNLLL"
"Q16288","LGEGAFGKVFLAECYNLSPTKDKMLVAVK"
"Q16513","LGRGHFGKVLLAEYKNTNEMFAIK"
"Q16584","VIHRDLKSNNILL"
"Q16566","IVHRDLKPENLLY"
"Q16659","VLHRDLKPANLFI"
"Q16816","LGRGVSSVVRRCIHKPTSQEYAVK"
"Q16832","PVTDHSMNVCMRVELYGC"
"Q52WX2","LVHRDIKPENVLL"
"Q56UN5","VVHRDIKGNNVML"
"Q59H18","IGSGSFGKVYKGRCRNKIVAIK"
"Q5VT25","CTSLMVGLIRQGCSCEVCGFSC"
"Q5S007","LGDGSFGSVYRAAYEGEEVAVK"
"Q6DT37","IGRGAFGEVTVVRQRDTGQIFAMK"
"Q6P3R8","IGQGAFGKAYLAKGKSDSKHCVIK"
"Q6PHR2","ISHLDLKPQNILL"
"Q6XUX3","LGRGQYGVVYLCDNWGGHFPCALK"
"Q7KZI7","IGKGNFAKVKLARHILTGKEVAVK"
"Q6ZN16","LGKGTYGIVYAGRDLSNQVRIAIK"
"Q7L7X3","MIHRDIKAGNILL"
"Q86UE8","IIHYDLKPGNILL"
"Q86V86","LGSGGFGTVYAGSRIADGLPVAVK"
"Q86YV6","LGGGRFGQVHKCEETATGLKLAAK"
"Q86Z02","LIHADLKPENIML"
"Q8IU85","IVHRDLKPENLLY"
"Q8IVH8","IGSGTYGDVYKARNVNTGELAAIK"
"Q8IVW4","IIHRDIKPENILV"
"Q8IW41","IAHRDLKPENLLF"
"Q8IY84","IGSGNFSQVKLGIHSLTKEKVAIK"
"Q8IYT8","VGHGAFAVVFRGRHRQKTDWEVAIK"
"Q8N4C8","CIAYICREILRGLAHLHAHKVIH"
"Q8N568","IVHRDIKPENLLV"
"Q8N752","FLHRDIKPDNFLM"
"Q8NE63","LGKGTFGEVAKGWRRSTGEMVAIK"
"Q8NEV4","IGKGTYGKVFKVLNKKNGQKAAVK"
"Q8NFD2","LLHLDLKPGNILL"
"Q8NG66","ILHRDLKSKNVFL"
"Q8TD19","ILHRDIKTLNIFL"
"Q8TDC3","ICHRDLKPENLLL"
"Q8TDR2","IVHRDLKPDNILI"
"Q8TDX7","IGRGQFSEVYRAACLLDGVPVALK"
"Q8WU08","IGKGSFGKVCIVQKNDTKKMYAMK"
"Q8WTQ7","IVYRDMKPENVLL"
"Q8WXR4","IIHRDVKGNNILL"
"Q92918","LGGGTYGEVFKARDKVSGDLVALK"
"Q92772","IIHRDIKPENILV"
"Q96D53","NaN"
"Q96L34","IVHRDLKAENLLL"
"Q96NX5","IVHRDLKPENLLY"
"Q96PY6","ILHRDIKSQNIFL"
"Q96Q40","LGEGSYATVYKGISRINGQLVALK"
"Q96RR4","IGKGSYGVVKLAYNENDNTYYAMK"
"Q96SB4","IIHTDIKPENILL"
"Q99683","LGKGTYGIVYAGRDLSNQVRIAIK"
"Q99640","LGHGSYGEVFKVRSKEDGRLYAVK"
"Q99755","NaN"
"Q9BRS2","LVHADLSEFNML"

"Q9BVS4","LIHGDFNEFNLI"
"Q9BX84","NaN"
"Q9BXA7","VVHRDLKCDNLLL"
"Q9BYT3","IVHRDLKLENIMV"
"Q9BZL6","HALTVHSYRAPAFCDHCGEMLFGLVRQGLKCDGCGLNYHKRCAFSIPNNC"
"Q9C098","IGDGNFAVVKECRHRETRQAYAMK"
"Q9H0K1","LGKGNFAVVKLGRHRITKTEVAIK"
"Q9H1R3","LGGGKFGAVCTCMEKATGLKLAAKVIKK"
"Q9H2K8","IGHGSFGAVYFATNAHTSEVVAIKK"
"Q9H2X6","LGRGTFGQVVKCWKRGTNEIVAIK"
"Q9HAZ1","LGEGAFGKVVECIDHGMDGMHVAVK"
"Q9HC98","VMHRDIKPANVFI"
"Q9HCP0","IGCGNFGELRLGKNLYTNEYVAIK"
"Q9NRH2","VVHRDLKPENVVF"
"Q9NRM7","FIHRDIKPDNILI"
"Q9NSY1","IIHRDLKVENILL"
"Q9NRP7","IGEGSFGRVYKGRRKYSAQVVALK"
"Q9NWZ3","NaN"
"Q9NY57","IIHRDIKPDNILL"
"Q9NYL2","VIHRDLKSRNVVI"
"Q9NYY3","LGKGGFAKCYEMTDLTNNKVYAAKIIPHSRVAK"
"Q9P286","IGEGSTGIVCIATEKHTGKQVAVKK"
"Q9P289","IGKGSFGEVFKGIDNRTQQVVAIK"
"Q9P2K8","MIHRDLKPVNIFL"
"Q9UBE8","ILHRDIKPGNLLV"
"Q9UBF8","VKCGDDLRQELLAFQ"
"Q9UIK4","LGSGQFAIVKKCREKSTGLEYAAKFIKK"
"Q9UKI8","IIHYDLKPGNILL"
"Q9UKE5","VGNGTYGQVYKGRHVKTGQLAAIK"
"Q9UL54","IGHGSFGAVYFARDVRNSEVVAIKK"
"Q9UPE1","LGWGHFSTVWLCWDIQRKRFVALK"
"Q9UQB9","VIHRDIKPENLLL"
"Q9UQ88","ILHRDLKTSNLLL"
"Q9UQM7","LGKGAFSVVRRCVKVLAGQEYAAK"
"Q9Y243","IVYRDLKLENLML"
"Q9Y2H1","IGRGAFGEVRLVQKKDTGHIYAMK"
"Q9Y2H9","IVHRDLKPDNLLI"
"Q9Y2U5","LGQGAFGRVYLCYDVDTGRELAVK"
"Q9Y616","NaN"
"Q9Y5S2","YVHRDIKPDNVLL"
"Q9Y6E0","IGKGSFGEVFKGIDNRTQKVVAIK"
"Q9Y6M4","IGCGNFGELRLGKNLYTNEYVAIK"
"Q9Y6R4","IGEGQYGKVYTCISVDTGELMAMK"
"Q13547","NaN"
"Q92769","NaN"
"Q8WUI4","NaN"
"Q9BY41","NaN"
"P28335","ASIMHLCAISLDRYVAI"
"Q9UBN7","NaN"
"P79400","ASILHLCVIALDRYWAI"
"P62942","NaN"
"P02766","YTIAALLSPYSYS"
"Q00194","ICKKGDIGREMYIIKEG"
"P0DP25,P0DP24,P0DP23","DKDGDGTITTKEL"
"P37231","CRVCGDKASGFHYGVHACEGCKGFFRR"
"Q07869","CRICGDKASGYHYGVHACEGCKGFFRR"
"P08235","CLVCGDEASGCHYGVVTCGSCKVFFKR"
"P03372","CAVCNDYASGYHYGVWSCEGCKAFFKR"
"Q92731","CAVCSDYASGYHYGVWSCEGCKAFFKR"
"P11229","ASVMNLLLISFDRYFSV"
"P10827","CVVCGDKATGYHYRCITCEGCKGFFRR"
"P10828","CVVCGDKATGYHYRCITCEGCKGFFRR"
"Q969R2","EQVSHHPPSAA"
"Q01827","NaN"
"P19120","IFDLGGGTFDVSIL"
"P0A9J4","NaN"
"P11142","IDLGTTYS"
"P9WPN5","FSHGAHHCLG"
"Q63T71","SDADVLLHAITDALFG"
"O00214","NaN"
"P09382","NaN"
"O15392","NaN"
"P06401","CLICGDEASGCHYGVLTCGSCKVFFKR"
"P08254","VAAHEIGHSL"
"P42535","NaN"
"Q15382","NaN"
"O74036","NaN"
"P15692","PSCVPLMRCGGCC"
"O42275","EDCLYLNVWVP"
"Q99720","NaN"
"Q13093","IAVIGHSFGG"
"P53778","VGSGAYGAVCSAVDGRTGAKVAIKK"
"Q9HBH9","IAHRDLKPENILC"
"Q3U3Q1","ISHLDLKPQNILL"
"Q9JI10","LGEGSYGSVFKAIHKESGQVVAIK"
"Q9Y233","HDLDHRGFSNSY"
"Q9UEE5","VVHLDLKPQNILL"
"P00734","FCRNPDSSTTGPWC"
"P07900","YSNKEIFLRE"
"P14920","VIHNYGHGGYGLTIHWGCA"
"P11473","CGVCGDRATGFHFNAMTCEGCKGFFRR"
"P42260","NaN"
"P24723","HKFMATYLRQPTYCSHCREFIWGVFGKQGYQCQVCTCVVHKRCHHLIVTACTC"
"P02769","YNGVFQECCQAEDKGACLLPKIETM"
"P55201","GNIFSEPVPLSEVPDYLDHIKKPMDFFTMKQNLEAYRYLNFDDFEEDFNLIVSNCLKY"
"P03118","NaN"
"Q8CFK4","FIHRDLAARNCLV"
"P03120","NaN"
"P04015","NaN"
"P08183","LSGGQKQRIAIARAL"
"Q9HYR3","NaN"
"P56817","ILVDTGSSNFAV"
"P00371","VIHNYGHGGYGLTIHWGCA"
"P09429","FSKKCSERWKTM"
"P15379","CQAFNSTLPTMDQMKLALSKGFETCRYGFIEGNVVIPRIHPNAIC"
"P16070","CKAFNSTLPTMAQMEKALSIGFETCRYGFIEGHVVIPRIHPNSIC"
"O60341","NaN"
"P09651","NaN"
"P07445","NaN"
"P11086","LIDIGSGPTVYQLLSAC"
"P05771","HKFTARFFKQPTFCSHCTDFIWGFGKQGFQCQVCCFVVHKRCHEFVTFSC"
"P15498","LRDLLMVPMQRVLKYHLLLQELVKHT"
"P17252","HKFIARFFKQPTFCSHCTDFIWGFGKQGFQCQVCCFVVHKRCHEFVTFSC"
"P28867","LGKGSFGKVLLAELKGKDKYFAIK"
"P09960","VIAHEISHSW"
"O00506","IGKGSFGEVYKGIDNHTKEVVAIK"
"O00750","FKCGDDLRQDMLTLQ"
"O14578","YVHRDIKPENILV"
"O14730","LVHADLSEYNML"
"O14757","LGEGAYGEVQLAVNRVTEEAVAVK"
"O14920","IIHRDLKPENIVL"
"O15111","IIHRDLKPENIVL"
"O15146","MREL"
"O15530","LGEGSFSTVVLARELATSREYAIK"
"O43353","LLHHDLKTQNILL"
"O76039","GTSMCPTL"
"O94768","IVHLDLKPQNILL"
"O94804","LGDGAFGKVYKAKNKETGALAAAK"
"O94806","LGSGQFGIVYGGKHRKTGRDVAIK"
"P04626","LGSGAFGTVYKGIWIPDGENVKIPVAIK"
"P09769","LGTGCFGDVWLGTWNGSTKVAVK"
"P11362","LGEGCFGQVVLAEAIGLDKDKPNRVTKVAVK"
"P12931","LGQGCFGEVWMGTWNGTTRVAIK"
"P14616","MAVPSLWPWGACLPVIFLSLGFGLDTVEVCPS"
"P19525","IGSGGFGQVFKAKHRIDGKTYVIK"
"P27361","VLHRDLKPSNLLI"
"P31152","LGFGVNGLVLSAVDSRACRKVAVKK"
"P36888","GSHENIVNLLGACT"
"P35968","LGRGAFGQVIEADAFGIDKTATCRTVAVK"
"P36894","VGKGRYGEVWMGKWRGEKVAVK"
"P42680","FIHRDLAARNCLV"
"P42681","YIHRDLAARNCLV"
"P45985","IIHRDIKPSNILL"
"P48736","SCAGYCVATFVLGIGDRHNDN"
"P49759","LGEGAFGKVVECIDHKAGGRHVAVK"
"P51956","IGEGSFGRALLVQHESSNQMFAMK"
"P54756","IGAGEFGEVCSGRLKLPGKRELPVAIK"
"P54760","YVHRDLAARNILV"
"P57078","LLHLDLKPANILL"
"P78362","LGWGHFSTVWLCWDMQGKRFVAMK"
"P80192","IGIGGFGKVYRAFWIGDEVAVK"
"Q02779","IGVGGFGKVYRALWRGEEVAVK"
"Q07912","FIHRDLAARNLLL"
"Q06418","LGKGEFGSVREAQLKQEDGSFVKVAVK"
"Q08881","VIHRDLAARNCLV"
"Q13163","ILHRDVKPSNMLV"
"Q12866","LGEGEFGSVMEGNLKQEDGTSLKVAVK"
"Q13188","LGEGSYGSVFKAIHKESGQVVAIK"
"Q13523","ILHADIKPDNILV"
"Q13546","VIHKDLKPENILV"
"Q13882","YIHRDLAARNILV"
"Q15303","LVHRDLAARNVLV"
"Q15831","IVHKDIKPGNLLL"
"Q15746","LGSGKFGQVFRLVEKKTRKVWAGK"
"Q32MK0","LGGGRFGQVHRCTEKSTGLPLAAK"
"Q86UX6","IGKGSFGKVCIVQKRDTEKMYAMK"
"Q8N5S9","IGKGAYGVVRLAYNESEDRHYAMK"
"Q8NI60","NaN"
"Q8TBX8","NaN"
"Q92630","IIHCDLKPENILL"
"Q96BR1","IGKGSFGKVLLAKRKLDGKFYAVK"
"Q99759","NaN"
"Q9BQI3","LGKGGYGRVYKVRNKLDGQYYAIKK"
"Q9H093","VVHRDLKLENILL"
"Q9H2G2","LGDGAFGKVYKAQNKETSVLAAAK"
"Q9H3Y6","LGEGYFGEVWEGLWLGSLPVAIK"
"Q9H422","LIHADLKPENIML"
"Q9H4B4","LGKGGFARCYEATDTETGSAYAVKVIPQSRVAK"
"Q9P0L2","IGKGNFAKVKLARHVLTGREVAVK"
"Q9UEW8","IGSGATAVVQAALCKPRQERVAIK"
"Q9UF33","CGADGDWLVPLGRCICSTGYE"
"Q9UM73","DIYRASYYR"
"P30969","APAFMMVVISLDRSLAV"
"Q9UPZ9","LGDGTYGSVLLGRSIESGELIAIKK"
"P0DPI0","TLAHELIHAG"
"P11166","SLFVVERAGRRTLHLIG"
"P19754","GVLGLRKWQYDVWSNDVTLANVME"
"Q16831","SHGMGIPSISIMLHEL"
"P20701","YKVGFFKR"
"P11387","ENKQIALGTSKLNYLDPRI"
"P18901","ASILNLCVISVDRYWAI"
"P28222","ASILHLCVIALDRYWAI"
"P07306","CAHFTDDGRWNDDVCQRPYRWVC"
"P62959","NEGADGGQSVYHIHLHVLG"
"P42224","NaN"
"Q92934","NaN"
"P08173","ASVMNLLIISFDRYFCV"
"O43175","CKKGVRVVNCARGGIVD"
"Q8NER1","NaN"
"P08238","YSNKEIFLRE"
"O00182","NaN"
"P17931","NaN"
"Q05097","NaN"
"Q06609","NaN"
"P36544","CYIDVRWFPFDVQHC"
"P05181","FSTGKRVCAG"
"P9WIK2","NaN"
"P41143","TSIFTLTMMSVDRYIAV"
"P21554","ASVGSLFLTAIDRYISI"
"P34972","ASVGSLLLTAIDRYLCL"
"P16177","ASIYSMTAIAVDRYMAI"
"P25103","ASIYSMTAVAFDRYMAI"
"P41144","TSIFTLTMMSVDRYIAV"
"P35563","CSLDIYNFPFDVQNC"
"P08191","NaN"
"P30989","ATALNVASLSVERYLAI"
"Q13639","ASIFHLCCISLDRYYAI"
"O67648","NaN"
"P20288","ASILNLCAISIDRYTAV"
"P00338","LGEHGDS"
"O60760","NaN"
"O00238","IAHRDLKSKNILV"
"P11802","IVHRDLKPENILV"
"P42679","IGEGEFGAVLQGEYLGQKVAVK"
"P61075","IGEGTYGVVYKAQNNYGETFALK"
"P54762","YVHRDLAARNILV"
"P78356","NaN"
"Q86Y07","YVHGDIKAANLLL"
"Q8IWQ3","LGKGQTGLVKLGVHCVTCQKVAIK"
"Q9NQU5","IGEGSTGIVCLAREKHSGRQVAVK"
"Q9UHD2","LGQGATANVFRGRHKKTGDLFAIK"
"P21462","GSVFLIALIALDRCVCV"
"O43172","LGTTCYDRSWRLWDL"
"P46734","LGRGAYGVVEKVRHAQSGTIMAVK"
"P49840","VCHRDIKPQNLLV"
"P80370","CTDIGGDFRCRC"
"Q9UK32","IVYRDLKPENILL"
"P55055","CRVCGDKASGFHYNVLSCEGCKGFFRR"
"P14779","FGNGQRACIG"
"P15121","MEELVDEGLVKAIGISNF"
"P22392","NIIHGSDSV"
"P0A6F1","NaN"
"P25104","ASVFLLTCLSIDRYLAI"
"P30556","ASVFLLTCLSIDRYLAI"
"P29274","SSIFSLLAIAIDRYIAI"
"P30543","SSIFSLLAIAIDRYIAI"
"Q12809","NaN"
"P33535","TSIFTLCTMSVDRYIAV"
"Q9BZP6","FDGLDFDWE"
"Q6PL18","IVVIGATNRLDSIDPALRR"
"Q9H2K2","NaN"
"P29371","ASIYSMTAIAVDRYMAI"
"P30098","ASIYSMTAIAVDRYMAI"
"Q13526","WEKRMSRSSGRVYYFNHITNASQWERP"
"P04054","CCQTHDNC"
"P11838","LDFDTGSSDLWV"
"Q86U86","FIRAPKRRNQPDYYEVVSQPIDLMKIQQKLKMEEYDDVNLLTADFQLLFNNAKSY"
"Q01782","DAMTNQPLLGYTIYTMAKGALEGLTRSAA"
"P10275","CLICGDEASGCHYGALTCGSCKVFFKR"
"P07382","RRLLVTAWNPCALQKMALPPCHLLAQFYV"
"Q9H2J4","NaN"
"Q9NPD8","YHPNIDSAGRICLDVL"
"P22303","EDCLYLNVWTP"
"P30559","ASTYLLLLMSLDRCLAI"
"Q14573","LSVVLDT"
"O08790","GSVFLIAVIALDRCICV"
"P25090","GSVFLIGFIALDRCICV"
"P30553","VSTLNLVAIALERYSAI"
"P41145","TSIFTLTMMSVDRYIAV"
"P00491","VMMQGRFHMYEGYPLWKVTFPVRVFHLLGVDTLVVTNAAGGL"
"P11416","CFVCQDKSSGYHYGVSACEGCKGFFRR"
"P18911","CFVCNDKSSGYHYGVSSCEGCKGFFRR"
"P22605","CFVCQDKSSGYHYGVSACEGCKGFFRR"
"P22935","GNWKIIRSENFEEMLKAL"
"P28700","CAICGDRSSGKHYGVYSCEGCKGFFKR"
"P28702","CAICGDRSSGKHYGVYSCEGCKGFFKR"
"P48443","CAICGDRSSGKHYGVYSCEGCKGFFKR"
"Q08209","LRGNHE"
"P9WPX7","INGPNLGRLGRREPAVYG"
"Q48255","IQGPNLNMLGHRDPRLYG"
"Q13304","ASIYFLTCISADRFLAI"
"Q13133","CSVCGDKASGFHYNVLSCEGCKGFFRR"
"P29401","RISSIQATTAAGSGHPTSCCS"
"P53041","LRGNHE"
"P62965","GTWKMRSSENFDELLKAL"
"P01213","CLSRCSLCAVKTQDGPKPINPLICSLQCQAALLPSEEWERC"
"P00797","VVFDTGSSNVWV"
"P14902","GGSAGQSSVFQ"
"Q15118","NaN"
"Q05823","NaN"
"P00176","FSTGKRICLG"
"P50053","NaN"
"Q9Y6Y9","NaN"
"P29276","SSIFSLLAVAVDRYLAI"
"P0A2Y6","RSDPTALPAAGMVMEAV"
"P16581","CKCDPGFSGLKC"
"P30560","ASAYMLVVMTADRYIAV"
"P48044","ASSYMILAMTLDRHRAI"
"P25440","AWPFRQPVDAVKLGLPDYHKIIKQPMDMGTIKRRLENNYYWAASECMQDFNTMFTNCYIY"
"P0AC13","VMGILNVTPDSFSDGG"
"Q99418","NaN"
"O14640","NaN"
"P17181","NaN"
"P26281","RWGPRTLDLDIM"
"P27694","NaN"
"P61964","LVSASDDKTLKIWDV"
"P24593","GCGCCMTCALAEGQSC"
"P51681","SGIFFIILLTIDRYLAV"
"P61586","NaN"
"Q8IL04","NaN"
"Q14145","NaN"
"Q9Y4K3","CGHRFCKACI"
"P04271","DNDGDGECDFQEF"
"O43924","NaN"
"P17865","NTDAQALNLSKAEVKMQIGAKLTRGLGAGANPEVG"
"P9WIQ1","NaN"
"Q64077","VSIYSMTAIAIDRYMAI"
"Q8N884","NaN"
"P34995","CPLLLGCGMAVERCVGV"
"Q92793","LSQGDSSAPSLPKQA"
"Q9UBM7","GNFFYNYMMGIEFNPR"
"Q92831","AWPFMEPVKRTEAPGYYEVIRFPMDLKTMSERLKNRYYVSKKLFMADLQRVFTNCKEY"
"Q96LA8","NaN"
"P21964","NaN"
"P63085","FEHQTYCQRTLREIKILLRFRHENIIGINDIIRAPTIEQMKDVYIVQDLMETDLYKLLKTQHLSNDHICYFLYQILRGLKYIHSANVLHRDLKPSNLLLNTTC"
"P01106","NaN"
"Q99814","NaN"
"Q99572","GGIMGIEIYWDCNLDRWFHHCRPKYSF"
"Q9Y5N1","SSAFNIVLISYDRFLSV"
"P28705","CAICGDRSSGKHYGVYSCEGCKGFFKR"
"P25929","VSIFSLVLIAVERHQLI"
"P22756","NaN"
"P13864","RQVGNAVPPPLAKAIGLEI"
"P41182","CNECDCRFSEEASLKRHTLQTH"
"P47824","GGVVGITIDWKCDLDWHVRHCKPIYQF"
"P47900","GSILFLTCISAHRYSGV"
"P38919","VLDEADEML"
"O43613","VAVLTLSFIALDRWYAI"
"Q99816","NaN"
"Q9H3N8","ASVYNIVLISYDRYLSV"
"P9WMC1","NaN"
"P50129","ASIMHLCAISLDRYVAI"
"P34158","LSGGQRARISLARAV"
"P49763","PSCVSLLRCTGCC"
"O60671","NaN"
"Q05816","GKWRLMESHGFEEYMKEL"
"P62937","YKGSCFHRIIPGFMCQGG"
"P46098","CSLDIYNFPFDVQNC"
"P32300","TSIFTLTMMSVDRYIAV"
"P51682","GGIFFIILLTIDRYLAI"
"P25774","QGSCGACWAFSA"
"Q9Y286","NaN"
"Q9H244","NaN"
"P70536","ASTYLLLLMSLDRCLAI"
"P30547","ASIYSMTAVAFDRYMAI"
"P28646","TSIYCLTVLSVDRYVAV"
"P30680","TSIFCLTVMSIDRYLAV"
"P30872","TSIYCLTVLSVDRYVAV"
"P30874","TSIFCLTVMSIDRYLAV"
"P31391","TSVFCLTVLSVDRYVAV"
"O70526","SSICFLMLVSIDRYLAL"
"P97583","NaN"
"P01375","LVVPSEGLYLIYSQVLF"
"P21731","SPLLLGAAMASERYLGI"
"P98170","EFNRLKTFANFPSGSPVSASTLARAGFLYTGEGDTVRCFSCHAAVDRWQYGDSAVGRHRKVSPNCRFI"
"P05413","GTWKLVDSKNFDDYMKSL"
"P04191","DKTGTLT"
"Q02790","NaN"
"Q15119","NaN"
"P19020","ASILNLCAISIDRYTAV"
"P01374","LLVPTSGIYFVYSQVVF"
"P16050","IHPIFKLIIPH"
"P20961","MVLDRSFLFVV"
"P19491","NaN"
"P23284","YKNSKFHRVIKDFMIQGG"
"P30405","YKGSTFHRVIPSFMCQAG"
"P04608","NaN"
"Q03181","CRVCGDKASGFHYGVHACEGCKGFFRR"
"Q13224","NaN"
"P06730","DYSLFKDGIEPMWEDEKNKRGGRW"
"P25023","SSICFLMLVSIDRYLAL"
"P30411","SSICFLMLVSIDRYLAL"
"Q9H8M2","NaN"
"Q9H4B7","GGGTGSG"
"P48061","NaN"
"P05162","NaN"
"P14210","YCRNPRGEEGGPWC"
"P34998","CNASVDLIGTCWPRSPAGQLVVRPCP"
"Q9WV60","IGNGSFGVVYQAKLCDSGELVAIKK"
"P21452","VSIYSMTAIAADRYMAI"
"P25116","ASILLMTVISIDRFLAV"
"P32238","VSTFNLVAISLERYGAI"
"P32239","VSTLSLVAIALERYSAI"
"Q05586","NaN"
"P32745","TSIFCLTVMSVDRYLAV"
"Q13258","NaN"
"P0DMS8","ASIMSLLAIAVDRYLRV"
"P07339","VVFDTGSSNLWV"
"O95622","GVLGLRKWQFDVWSNDVTLANHME"
"P20309","ASVMNLLVISFDRYFSI"
"P79218","VSIYSMTAIAADRYMAI"
"P43116","ATMLMLFAMALERYLSI"
"P52732","GKLNLVDLAGSE"
"Q9QYN8","SSVFNIVLISYDRFLSV"
"P47205","NaN"
"P42262","NaN"
"Q28642","SSICFLMLVSIDRYLAL"
"P35351","ASIFFITCMSVDRYQSV"
"P33033","ASICNLLAIAIDRYVTI"
"P05121","IIMDRPFLFVV"
"P97266","TSIFTLCTMSVDRYIAV"
"Q04609","NaN"
"P00749","YCRNPDNRRRPWC"
"P00760","VSAAHC"
"P20248","RAILVDWLVEVGEEYKLQNETLHLAVNYIDRF"
"P16610","VSIYSMTAIAADRYMAI"
"P43144","CVVDVTYFPFDSQQC"
"P08485","ASVMNLLIISFDRYFCV"
"Q62758","ASIFHLCCISLDRYYAI"
"P16389","NaN"
"P51144","VSIYSMTAIAADRYMAI"
"P30987","CPLLLGAAMASERFVGI"
"P08246","GVCFGDSGSPLV"
"P22736","CAVCGDNASCQHYGVRTCEGCKGFFKR"
"P39900","TAVHEIGHSL"
"Q15369","NaN"
"P56450","ASICSLLSIAVDRYFTI"
"P35368","ASILSLCAISIDRYIGV"
"Q09472","CNECKHHVETRWHCTVCEDYDLCITC"
"P41597","GGIFFIILLTIDRYLAI"
"P62993","NaN"
"P45880","YQLDPTASISAKVNNSSLIGVGY"
"P97287","WLVKQRGWDGFV"
"Q16548","EFEDGIINWGRIVTIFAFEG"
"Q8RN04","FGHGVHHCLG"
"P05089","SFDVDGLDPSFTPATGTPVVGG"
"Q08722","NaN"
"P25025","SGILLLACISVDRYLAI"
"P35375","CPLLLGCGMAVERCVGV"
"Q9Y5Y4","ASGFLLSAISLDRCLQV"
"P49684","ASIFTLTIMSSERYAAV"
"P29275","SSIFSLLAVAVDRYLAI"
"Q9NZQ7","NaN"
"Q9Z148","NaN"
"O43603","ASSFTLAAVSLDRYLAI"
"P47211","VSIFTLAAMSVDRYVAI"
"Q9UGN5","LLEANPKA"
"Q8N474","NaN"
"Q60492","NaN"
"Q9UKP6","ASIFTLTVMSSERYAAV"
"Q00788","ASSYMILAMTLDRHRAI"
"P34978","CPLLLGAAMAAERFVGI"
"P49146","VSTITLTVIALDRHRCI"
"P56068","IVACNTASA"
"P46663","NaN"
"P30968","APAFMMVVISLDRSLAI"
"O60755","ASSFTLAAVSVDRYLAV"
"P43220","QGLMVAILYCFVNNEV"
"P27348","RNLLSVAYKNV"
"P31946","RNLLSVAYKNV"
"O95372","NaN"
"P07288","LTAAHC"
"P05364","FELGSISK"
"Q86V24","NaN"
"Q96A54","NaN"
"Q62666","NaN"
"Q8NEB9","FKHGDDLRQDQLILQ"
"P01730","NaN"
"Q64663","GGIMGIEIYWDCNLDSWSHRCQPKYSF"
"Q99895","SACNGDSGGPLN"
"P10253","GADVCGFLGNTSEELCVRWTQLGAFYPFMRN"
"O35820","NaN"
"Q93YN9","NaN"
"Q6V1X1","NaN"
"Q96EB6","NaN"
"P00742","CTCLEGFEGKNC"
"Q9NRG4","HCEYCFTRKEGLSKCGRCKQAFYCNVECQKEDWPMHKLEC"
"P03452","NaN"
"P55899","YCCIVQH"
"Q92952","NaN"
"Q9H2S1","NaN"
"Q15465","NaN"
"P05132","LIYRDLKPENLLI"
"Q96KQ7","NaN"
"P29353","NaN"
"P49682","AGALLLACISFDRYLNI"
"O75530","LLSVSKDHALRLWNI"
"P84077","NaN"
"Q8NG68","NaN"
"P35439","NaN"
"P07477","VSAGHC"
"P35346","TSVFCLTVMSVDRYLAV"
"P24557","FGAGPRSCLG"
"Q63931","VSTFNLVAISLERYGAI"
"P30082","QGLLVAVLYCFLNKEV"
"P55212","KPKIFIIQACRG"
"Q9C0B1","NaN"
"P35372","TSIFTLCTMSVDRYIAV"
"P51531","SEVFIQLPSRKELPEYYELIRKPVDFKKIKERIRNHKYRSLGDLEKDVMLLCHNAQTF"
"Q8IZX4","THPFHTPVNAKVVKDYYKIITRPMDLQTLRENVRKCLYPSREEFREHLELIVKNSATY"
"Q9UIF8","AWPFLLPVNLKLVPGYKKVIKKPMDFSTIREKLSSGQYPNLETFALDVRLVFDNCETF"
"Q9UIF9","AWPFLEPVNPRLVSGYRRIIKNPMDFSTMRERLLRGGYTSSEEFAADALLVFDNCQTF"
"P32245","ASICSLLSIAVDRYFTI"
"P41968","ASICNLLAIAVDRYVTI"
"Q01726","SSLCFLGAIAVDRYISI"
"O95696","ARIFAQPVSLKEVPDYLDHIKHPMDFATMRKRLEAQGYKNLHEFEEDFDLIIDNCMKY"
"Q9ULD4","AHIFAEPVNLSEVPDYLEFISKPMDFSTMRRKLESHLYRTLEEFEEDFNLIVTNCMKY"
"Q15059","AWPFYQPVDAIKLNLPDYHKIIKNPMDMGTIKKRLENNYYWSASECMQDFNTMFTNCYIY"
"P26684","ITVLNLCALSVDRYRAV"
"P00374","GIGKNGDLPWPPLRNEFRYFQRMT"
"P33527","VGCGKSSLLSALLAEMDKVEGHVAIK"
"P00378","GIGKDGNLPWPPLRNEYKYFQRMT"
"P00747","DSCQGDSGGPLV"
"P04326","NaN"
"Q09470","NaN"
"P34971","ASIETLCVIALDRYLAI"
"P77173","NaN"
"O00222","CCWHCERCEGYNYQVDELSCELC"
"Q16602","QGLLVSTIFCFFNGEV"
"Q09428","LSGGQRQRISVARAL"
"P22307","VNNNCATGSTALFMARQLI"
"Q12830","CICKTPYDESKFYIGC"
"P02724","IIFGVMAGVI"
"Q08499","HDVDHPGVSNQF"
"O00255","NaN"
"Q61337","NaN"
"Q03431","CLPEWDHILCWPLGAPGEVVAVPCP"
"P02754","GLDIQKVAGTWYSL"
"P00746","LSAAHC"
"P45040","KIEGRNPSYSVKCRIGANM"
"Q9H9B1","NaN"
"P27487","DQIEAARQFSKMGFVDNKRIAIWGWSYGGYV"
"P31424","VQNLLQLFNIPQIAYSATS"
"Q99062","NSAGTSRPTPVVFSESRGPALTRLHAMARDPHSLWVGWEPPNPWPQGYVIEW"
"O76074","HDLDHRGVNNSY"
"P42227","NaN"
"Q92843","DTRALVADFVGYKLRQKGYVC"
"P07327","GHEAAGIVESVGEGV"
"P20273","NaN"
"Q64737","RFGDPECQ"
"Q58F21","SWPFQRPVDAVKLQLPDYYTIIKNPMDLNTIKKRLENKYYAKASECIEDFNTMFSNCYLY"
"P0A031","NTDGQALNLSKAESKIQIGEKLTRGLGAGANPEIG"
"P11103","CKKCSESIPKDSLRMAIMVQSPMFDGKVPHWYHFSC"
"Q63707","GFVEVGSVTPQPQEGNPRPR"
"P62834","NaN"
"Q48481","NaN"
"Q13489","ELYRMSTYSTFPAGVPVSERSLARAGFYYTGVNDKVKCFCCGLMLDNWKRGDSPTEKHKKLYPSCRFV"
"Q13490","ELYRMSTYSTFPAGVPVSERSLARAGFYYTGVNDKVKCFCCGLMLDNWKLGDSPIQKHKQLYPSCSFI"
"O43614","VSVLTLSCIALDRWYAI"
"P9WPC9","DAASILKPKLARG"
"P49764","PSCVLLSRCSGCC"
"O66809","DMVFISAGLGGGTGTGAAPVIA"
"Q05639","DKLKAERERGITIDIS"
"P68104","DKLKAERERGITIDIS"
"Q86X55","NaN"
"P04406","ASCTTNCL"
"P37136","FGGDPMSVTLFGESAG"
"Q15717","NaN"
"P0AES6","LVEGDSAGG"
"Q96JM7","HNEL"
"P05067","GVEFVCCP"
"P40337","NaN"
"P36639","GKVQEGETIEDGARRELQEESG"
"Q14397","GPEGLSGSSRMKGGSATK"
"Q9H665","NaN"
"P00916","SEHTVDGVKYSSELHIV"
"P00917","SEHTVDGVKYSAELHLV"
"P10636","GSTENLKHQPGGG"
"Q70I53","NaN"
"Q8TEK3","NaN"
"Q9AIU7","KIDGLAVSLKYVDGYFVQGLTRGDGTTGED"
"Q9QYJ6","HDLDHRGFSNSY"
"P20393","CKVCGDVASGFHYGVHACEGCKGFFRR"
"P41148","KDEL"
"Q12931","NaN"
"P10688","DKNKDNKMNFKEL"
"P51178","DKNKDNKMSFKEL"
"P97696","NaN"
"P01127","PPCVEVQRCSGCC"
"P03428","NaN"
"P14625","YKNKEIFLRE"
"P01112","NaN"
"P04578","NaN"
"P30561","NaN"
"Q9Y2D0","SEHTVDSKCFPAELHLV"
"P42226","NaN"
"P32307","ASSYMILAMTLDRHRAI"
"P9WQD9","NaN"
"Q01062","HDLDHRGTNNSF"
"P12497","ALLDTGADDTVL"
"Q6Y7W6","NaN"
"P16442","NaN"
"P61077","YHPNINSNGSICLDIL"
"P9WH75","WRRLKESVQAHGIYNQNLQAVPP"
"P51532","SEVFIQLPSRKELPEYYELIRKPVDFKKIKERIRNHKYRSLNDLEKDVMLLCQNAQTF"
"Q92830","AWPFMEPVKKSEAPDYYEVIRFPIDLKTMTERLRSRYYVTRKLFVADLQRVIANCREY"
"Q9BXF3","SWPFLEPVDESYAPNYYQIIKAPMDISSMEKKLNGGLYCTKEEFVNDMKTMFRNCRKY"
"Q9H0E9","NaN"
"Q9NPI1","NaN"
"Q9NSI6","VVTAVNDHVLKVWNS"
"Q9UPN9","CAVCQNGGDLLCCEKCPKVFHLTCHVPTLLSFPSGDWICTFC"
"P01008","FKANRPFLVFI"
"P03951","CVTQLLKDTCFEGGDITTVFTPSAKYCQVVCTYHPRCLLFTFTAESPSEDPTRWFTCVLKDSVTETLPRVNRTAAISGYSFKQC"
"Q13451","NaN"
"P79350","TSIFTLCTMSVDRYIAV"
"Q9HC97","MSISLVTAIAVDRYVAV"
"P40763","NaN"
"O43683","IIHGDIKPDNFIL"
"P42229","NaN"
"P35790","NaN"
"Q9Y259","NaN"
"Q13418","NaN"
"P0A988","NaN"
"P9WIL5","NaN"
"P26006","WKCGFFKR"
"O95931","YLVKWKGWPPKYSTWEPEEHI"
"Q9HC52","YLVKWKGWSQKYSTWEPEENI"
"P51449","CKICGDKSSGIHYGVITCEGCKGFFRR"
"Q29010","ITVLNLCALSVDRYRAV"
"O15164","HEMSLAFQDPVPLTVPDYYKIIKNPMDLSTIKKRLQEDYSMYSKPEDFVADFRLIFQNCAEF"
"P01024","PSGCGEQNM"
"P21675","TYPFHTPVNAKVVKDYYKIITRPMDLQTLRENVRKRLYPSREEFREHLELIVKNSATY"
"Q9ULI0","FNIFSKPVDIEEVSDYLEVIKEPMDLSTVITKIDKHNYLTAKDFLKDIDLICSNALEY"
"Q03164","CHDCAKLFAKGNFCPLCDKCYDD"
"Q9NQR1","NaN"
"P04585","ALLDTGADDTVL"
"P01579","NaN"
"P02776","CLCVKTTSQVRPRHITSLEVIKAGPHCPTAQLIATLKNGRKICLD"
"P12643","IVAPPGYHAFYCHGEC"
"P22004","IIAPKGYAANYCDGEC"
"P51671","CCFNLANRKIPLQRLESYRRITSGKCPQKAVIFKTKLAKDICA"
"P56704","CKCHGLSGSC"
"P83916","YLLKWKGFSDEDNTWEPEENL"
"P17752","PDTCHELLGHVP"
"P15311","WLKLDKKVSAQEVRKENPLQFKFRAKFYPED"
"P00523","YVHRDLRAANILV"
"O88554","LLEANPKA"
"P29375","CMFCGRGNNEDKLLLCDGCDDSYHTFCLIPPLPDVPKGDWRCPKC"
"P04058","EDCLYLNIWVP"
"P41586","CPGMWDNITCWKPAHVGEMVLVSCP"
"Q9Y2K7","CSLCGEVDQNEETQDFEKKLMECCICNEIVHPGCLQMDGEGLLNEELPNCWECPKC"
"P35222","NaN"
"Q9WV26","ASVFLLTCLSIDRYLAI"
"P35370","TSTFTLTAMSVDRYVAI"
"P47748","TSTFTLTAMSVDRYVAI"
"P35377","TSTFTLTAMSVDRYVAI"
"P41146","TSTFTLTAMSVDRYVAI"
"P31939","NaN"
"O00625","NaN"
"P20916","NaN"
"P05412","RKRMRNRIAASKCRKR"
"O08562","NaN"
"P04775","NaN"
"P04774","IQRAYRRHLLKRTVK"
"P08104","NaN"
"P15390","NaN"
"Q9Z2X8","NaN"
"P47811","FQSIIHAKRTYRELRLLKHMKHENVIGLLDVFTPARSLEEFNDVYLVTHLMGADLNNIVKCQKLTDDHVQFLIYQILRGLKYIHSADIIHRDLKPSNLAVNEDC"
"O00257","YLVKWRGWSPKYNTWEPEENI"
"O95503","YLVKWKGWAIKYSTWEPEENI"
"P45973","YLLKWKGFSEEHNTWEPEKNL"
"Q13185","YFLKWKGFTDADNTWEPEENL"
"Q14781","YLVKWRGWSSKHNSWEPEENI"
"Q8N8U2","YLIRWKGYGSTEDTWEPEHHL"
"Q9Y6F8","YLVRWKGYDKQDDTWEPEQHL"
"P29350","VHCSAGIGRTG"
"P51692","NaN"
"P0A6G7","TICMGQAASMGA"
"P02554","MREI"
"P0A722","IGANAHIGPFCIVGPHVEIGEGTVLKSHV"
"P53634","YWIVKNSWGTGWGENGYFRI"
"P08913","SSIVHLCAISLDRYWSI"
"P00488","GQCWVFAGVFNTFLRCLG"
"O14793","DDSSDGSLEDDDY"
"P37288","ASAYMLVVMTADRYIAV"
"P30518","ASSYMILAMTLDRHRAI"
"P47901","ASTYMLLAMTLDRYLAV"
"Q08752","FKGCPFHRIIKKFMIQGG"
"O00443","FKVGEDLRQDMLALQ"
"O75874","NYDGDVQSDSVAQGYGSLGM"
"Q14451","NaN"
"Q13322","NaN"
"Q9UIG0","SWPFREPVTRDEAEDYYDVITHPMDFQTVQNKCSCGSYRSVQEFLTDMKQVFTNAEVY"
"O75311","CPMDLKNFPMDVQTC"
"P05164","EMPELTSMHTL"
"P9WGI5","LLEANLRL"
"Q9NYB0","NaN"
"Q03135","FEDVIAEP"
"O14842","NaN"
"P29473","RCVGRIQW"
"P21645","IAPSAVIDATAKLGNNVSIGANAVIESGV"
"O15550","NaN"
"O43187","NaN"
"Q9FBI2","VTVTAEALRFRQIQRGF"
"P40261","LIDIGSGPTIYQLLSAC"
"P23921","WKVLKEKIAKYGIRNSLLIAPMP"
"Q96RI1","CVVCGDRASGYHYNALTCEGCKGFFRR"
"P63104","RNLLSVAYKNV"
"O35433","NaN"
"Q9NXA8","NaN"
"O94925","NaN"
"P01116","NaN"
"P31751","LGKGTFGKVILVREKATGRYYAMKILRKEVIIAK"
"P33981","IVHSDLKPANFLI"
"Q2M2I8","IIHRDLKVENILL"
"P41743","HTFQAKRFNRRAHCAICTDRIWGLGRQGYKCINCKLLVHKKCHKLVTIEC"
"Q9BUB5","IAHRDLKPENILC"
"Q9Y463","IGKGSFGQVVKAYDHQTQELVAIK"
"P47929","NaN"
"P16110","NaN"
"Q9NUW8","NaN"
"O60346","NaN"
"P9WNS3","GSDGASHNGMWDLSMLG"
"Q13363","MRQGAFLVNTARGGLVD"
"Q9R0C9","NaN"
"P15494","GGPIGDTLEKISNEIKIVATPDGGSILKISNKY"
"Q7Z2W7","NaN"
"P05129","IIYRDLKLDNVML"
"Q8R4D5","NaN"
"P9WN95","DMVFVTAGEGGGTGTGGAPVVA"
"P14174","EPCALCSLHSIGKIG"
"O70528","ASIFHLCCISLDRYYAI"
"P23574","CYLQLHNFPMDEHSC"
"P04818","RRIIMCAWNPRDLPLMALPPCHALCQFYV"
"P47712","IHVVDSGLTFN"
"P16083","NaN"
"P31947","RNLLSVAYKNV"
"A3RGC1","CGVCGDRATGFHFNAMTCEGCKGFFRR"
"P25099","SSILALLAIAVDRYLRV"
"P25101","ITVLNLCALSVDRYRAV"
"P13500","CCYNFTNRKISVQRLASYRRITSSKCPKEAVIFKTIVAKEICA"
"P26637","PYMNGVMHAGHC"
"P49286","GSVFNITAIAINRYCYI"
"Q04917","YKDSTLIMQLLRDNLTLWTS"
"P14600","ASIYSMTAVAFDRYMAI"
"P00800","VVAHELTHAV"
"P34896","HVVTTTTHKTLRGCRAG"
"P9WGR1","NaN"
"Q05941","CYIDVRWFPFDVQQC"
"Q5HIH6","VGCNVNLVAPVTIGDDVLVAAGSTITDDV"
"P51141","NaN"
"P08253","PRCGNPDV"
"Q16665","NaN"
"P03300","NaN"
"Q15910","NaN"
"P30536","NaN"
"O95665","ATVLSVAGLSAERCLAV"
"Q9Y232","YLVRWKGYDSEDDTWEPEQHL"
"Q8TF76","IGEGVFGEVFQTIADHTPVAIK"
"O15054","NaN"
