Target_ID,Motif
"O14920","IIHRDLKPENIVL"
"O15111","IIHRDLKPENIVL"
"P04626","LGSGAFGTVYKGIWIPDGENVKIPVAIK"
"P06239","YIHRDLRAANILV"
"P15056","IGSGSFGTVYKGKWHGDVAVK"
"P07333","GQHENIVNLLGACT"
"P24941","IGEGTYGVVYKARNKLTGEVVALK"
"P28482","IGEGAYGMVCSAYDNVNKVRVAIKK"
"P45984","IIHRDLKPSNIVV"
"P45983","FQNQTHAKRAYRELVLMKCVNHKNIIGLLNVFTPQKSLEEFQDVYIVMELMDANLCQVIQMELDHERMSYLLYQMLCGIKHLHSAGIIHRDLKPSNIVVKSDC"
"P53350","LGKGGFAKCFEISDADTKEVFAGK"
"P49841","IGNGSFGVVYQAKLCDSGELVAIKK"
"P53779","FQNQTHAKRAYRELVLMKCVNHKNIISLLNVFTPQKTLEEFQDVYLVMELMDANLCQVIQMELDHERMSYLLYQMLCGIKHLHSAGIIHRDLKPSNIVVKSDC"
"Q13464","IGRGAFGEVQLVRHKSTRKVYAMK"
"Q16539","FQSIIHAKRTYRELRLLKHMKHENVIGLLDVFTPARSLEEFNDVYLVTHLMGADLNNIVKCQKLTDDHVQFLIYQILRGLKYIHSADIIHRDLKPSNLAVNEDC"
"Q16584","VIHRDLKSNNILL"
"O00141","IGKGSFGKVLLARHKAEEVFYAVKVLQKKAILK"
"P00533","LVHRDLAARNVLV"
"O00311","IGEGTFSSVYLATAQLQVGPEEKIALK"
"O14757","ITHRDIKPENLLL"
"O15075","IVHRDIKPENLLV"
"O15264","VGSGAYGSVCSAIDKRSGEKVAIKK"
"O15530","IIHRDLKPENILL"
"O43293","IAHFDLKPENIML"
"O75116","IGRGAFGEVQLVRHKASQKVYAMK"
"O75582","YAMKVLKKATIVQKAKTTE"
"O94806","LGSGQFGIVYGGKHRKTGRDVAIK"
"O95819","VGNGTYGQVYKGRHVKTGQLAAIK"
"O96013","IGEGSTGIVCIATVRSSGKLVAVKK"
"O96017","IIHRDLKPENVLL"
"P05129","IIYRDLKLDNVML"
"P06213","FVHRDLAARNCMV"
"P06241","YIHRDLRSANILV"
"P06493","VLHRDLKPQNLLI"
"P07332","IGRGNFGEVFSGRLRADNTLVAVK"
"P07948","LGAGQFGEVWMGYYNNSTKVAVK"
"P07949","LVHRDLAARNILV"
"P08069","FVHRDLAARNCMV"
"P08922","DIYKNDYYR"
"P10721","CIHRDLAARNILL"
"P11309","LGSGGFGSVYSGIRVSDNLPVAIK"
"P11362","CIHRDLAARNVLV"
"P12931","YVHRDLRAANILV"
"P15735","IVHRDLKPENILL"
"P17612","LIYRDLKPENLLI"
"P23443","LGKGGYGKVFQVRKVTGANTGKIFAMK"
"P24723","LGKGSFGKVMLARVKETGDLYAVK"
"P27448","IVHRDLKAENLLL"
"P29317","YVHRDLAARNILV"
"P29597","LGEGHFGKVSLYCYDPTNDGTGEMVAVK"
"P31751","VVYRDIKLENLML"
"P35916","LGYGAFGKVVEASAFGIHKGSSCDTVAVK"
"P35968","LGRGAFGQVIEADAFGIDKTATCRTVAVK"
"P41743","HTFQAKRFNRRAHCAICTDRIWGLGRQGYKCINCKLLVHKKCHKLVTIEC"
"P42679","IGEGEFGAVLQGEYLGQKVAVK"
"P42685","YIHRDLAARNVLV"
"P43405","FVHRDLAARNVLL"
"P48729","IGSGSFGDIYLAINITNGEEVAVK"
"P48730","IGSGSFGDIYLGTDIAAGEEVAIK"
"P49137","IAHRDVKPENLLY"
"P49760","LGEGTFGRVVQCVDHRRGGARVALK"
"P49840","VCHRDIKPQNLLV"
"P51451","LGSGQFGEVWMGYYKNNMKVAIK"
"P51617","IGEGGFGCVYRAVMRNTVYAVK"
"P51812","VEVNHPFIVKL"
"P51955","VLHRDLKPANVFL"
"P51957","ILHRDLKTQNVFL"
"P52333","LLHGVCMAGDS"
"P68400","LGRGKYSEVFEAINITNNEKVVVK"
"P78368","IGCGNFGELRLGKNLYTNEYVAIK"
"Q00535","IGEGTYGTVFKAKNRETHEIVALK"
"Q05513","HLFQAKRFNRRAYCGQCSERIWGLARQGYRCINCKLLVHKRCHGLVPLTC"
"Q05655","IIYRDLKLDNVLL"
"Q06418","FIHRDLAARNCML"
"Q12851","VGAGTYGDVYKARDTVTSELAAVK"
"Q13131","LGVGTFGKVKVGKHELTGHKVAVK"
"Q13153","VIHRDIKSDNILL"
"Q13554","VVHRDLKPENLLL"
"Q13555","IVHRDLKPENLLL"
"Q13557","LGKGAFSVVRRCMKIPTGQEYAAK"
"Q13627","IIHCDLKPENILL"
"Q13976","IIYRDLKPENLIL"
"Q14680","IGTGGFAKVKLACHILTGEMVAIK"
"Q16288","FVHRDLATRNCLV"
"Q16513","LGRGHFGKVLLAEYKNTNEMFAIK"
"Q5VT25","CTSLMVGLIRQGCSCEVCGFSC"
"Q7KZI7","IGKGNFAKVKLARHILTGKEVAVK"
"Q7L7X3","MIHRDIKAGNILL"
"Q86V86","VVHRDIKDENLLV"
"Q8IW41","IAHRDLKPENLLF"
"Q8TDC3","ICHRDLKPENLLL"
"Q96KB5","LLHGDIKSSNVVI"
"Q9BXA7","VVHRDLKCDNLLL"
"Q9H2G2","IIHRDLKAGNILF"
"Q9H3Y6","VVHRDLAARNVLV"
"Q9H4B4","LGKGGFARCYEATDTETGSAYAVKVIPQSRVAK"
"Q9HAZ1","LTHTDLKPENILF"
"Q9NR20","IGKGSFGQVAKCLDHKNNELVALK"
"Q9HBY8","IIYRDLKPENILL"
"Q9NYL2","VIHRDLKSRNVVI"
"Q9P1W9","LGKGGFGTVFAGHRLTDRLQVAIK"
"Q9UEE5","VVHLDLKPQNILL"
"Q9UM73","FIHRDIAARNCLL"
"Q9Y243","LGKGTFGKVILVREKASGKYYAMKILKKEVIIAK"
"Q9Y4K4","VGSGTYGDVYKARNVHTGELAAVK"
"P31749","VVYRDLKLENLML"
"P42336","SCAGYCVATFILGIGDRHNSN"
"Q96GD4","LVGNPPF"
"O14965","VIHRDIKPENLLL"
"P00519","FIHRDLAARNCLV"
"P04049","IGSGSFGTVYKGKWHGDVAVK"
"P05771","IIYRDLKLDNVML"
"P07947","LGQGCFGEVWMGTWNGTTKVAIK"
"P08631","LGAGQFGEVWMATYNKHTKVAVK"
"P16234","LGSGAFGKVVEGTAYGLSRSQPVMKVAVK"
"P16591","LGKGNFGEVYKGTLKDKTSVAVK"
"P22455","CIHRDLAARNVLV"
"P27361","FEHQTYCQRTLREIQILLRFRHENVIGIRDILRASTLEAMRDVYIVQDLMETDLYKLLKSQQLSNDHICYFLYQILRGLKYIHSANVLHRDLKPSNLLINTTC"
"P29323","IGAGEFGEVCSGHLKLPGKREIFVAIK"
"P36888","CVHRDLAARNVLV"
"P41279","VIHHDIKPSNIVF"
"P43403","LGCGNFGSVRQGVYRMRKKQIDVAIK"
"P51813","FIHRDLAARNCLV"
"P52564","VIHRDVKPSNVLI"
"Q02750","LGAGNGGVVFKVSHKPSGLVMARK"
"Q02763","IGEGNFGQVLKARIKKDGLRMDAAIK"
"Q04759","LGKGSFGKVFLAEFKKTNQFFAIK"
"Q04912","FVHRDLAARNCML"
"Q05397","IGEGQFGDVHQGIYMSPENPALAVAIK"
"Q08881","IGSGQFGLVHLGYWLNKDKVAIK"
"Q13188","LGEGSYGSVFKAIHKESGQVVAIK"
"Q15303","LGSGAFGTVYKGIWVPEGETVKIPVAIK"
"Q15418","LGQGSFGKVFLVRKVTRPDSGHLYAMK"
"Q15759","VGSGAYGSVCSAYDARLRQKVAVKK"
"Q16566","LGRGATSIVYRCKQKGTQKPYALK"
"Q8IU85","LGTGAFSEVVLAEEKATGKLFAVKCIPKK"
"Q9NWZ3","NaN"
"Q9UHD2","LGQGATANVFRGRHKKTGDLFAIK"
"O60285","LGKGTYGKVKRATERFSGRVVAIKSIRK"
"O60674","LGKGNFGSVEMCRYDPLQDNTGEVVAVKK"
"O75676","LGTGAYGKVFLVRKAGGHDAGKLYAMK"
"P04629","DIYSTDYYR"
"P08581","IGRGHFGCVYHGTLLDNDGKKIHCAVK"
"P09769","LGTGCFGDVWLGTWNGSTKVAVK"
"P17948","LGRGAFGKVVQASAFGIKKSPTCRTVAVK"
"P21802","LGEGCFGQVVMAEAVGIDKDKPKEAVTVAVK"
"P22607","CIHRDLAARNVLV"
"P34947","LGKGGFGEVCACQVRATGKMYACKRLEKKRIKK"
"P42684","LGGGQYGEVYVGVWKKYSLTVAVK"
"P50750","ILHRDMKAANVLI"
"P51817","VGTGTFGRVHLVKEKTAKHFFALK"
"P53778","VGSGAYGAVCSAVDGRTGAKVAIKK"
"P80192","IIHRDLKSSNILI"
"Q06187","FLHRDLAARNCLV"
"Q13177","IGQGASGTVFTATDVALGQEVAIK"
"Q13882","YIHRDLAARNILV"
"Q14289","LGEGFFGEVYEGVYTNHKGEKINVAVK"
"Q15078","NaN"
"Q15118","NaN"
"Q16620","DVYSTDYYR"
"Q16644","IAHRDVKPENLLY"
"Q8N4C8","VIHRDIKGQNVLL"
"Q96PF2","LGKGSYAKVKSAYSERLKFNVAVK"
"Q96RG2","IIHRDIKDENIVI"
"Q99683","IVHRDIKGDNVLI"
"P30530","LGEGEFGAVMEGQLNQDDSILKVAVK"
"Q12866","LGEGEFGSVMEGNLKQEDGTSLKVAVK"
"Q14164","LGQGATASVYKARNKKSGELVAVK"
"P19784","IMHRDVKPHNVMI"
"P67870","CPRVYCENQPMLPIGLSDIPGEAMVKLYCPKC"
"O43741","NaN"
"P22612","LIHRDLKPENLLI"
"P22694","LIYRDLKPENLLI"
"P54619","NaN"
"P54646","VVHRDLKPENVLL"
"Q9UGI9","NaN"
"Q9Y478","NaN"
"Q9UGJ0","NaN"
"O00418","NaN"
"O00444","LGKGSFAGVYRAESIHTGLEVAIK"
"O43781","IGKGSFGQVARVYDHKLRQYVALK"
"P53667","CASCGQRIYDGQYLQALNADWHADCFRCCDCSASL"
"Q07912","LGDGSFGVVRRGEWDAPSGKTVSVAVK"
"Q14012","LGTGAFSEVILAEDKRTQKLVAIKCIAK"
"Q96SB4","LGWGHFSTVWLSWDIQGKKFVAMK"
"Q9H2X6","LIHADLKPENIML"
"Q9HCP0","LIYRDVKPENFLI"
"Q9Y6M4","LIYRDVKPENFLI"
"Q8NE63","IIHADLKPENIML"
"Q9BZL6","IVHCDLKPENVLL"
"Q9HBH9","LGEGAHARVQTCINLITSQEYAVK"
"Q9UBS0","IIYRDLKPENIML"
"Q13237","FGELAILYNCTRTASVKA"
"Q9BWU1","VLHRDLKPANILV"
"P17252","IIYRDLKLDNVML"
"P41240","FVHRDLAARNVLV"
"P09619","GPHLNVVNLLGACT"
"P11802","IGVGAYGTVYKARDPHSGHFVALK"
"Q00534","IGEGAYGKVFKARDLKNGGRFVALK"
"O00329","FKNGDDLRQDMLTLQ"
"P42338","FKNGDDLRQDMLTLQ"
"P48736","FKHGDDLRQDMLILQ"
"Q02156","LGKGSFGKVMLAELKGKDEVYAVK"
"Q9UBE8","IGYGAFGVVWSVTDPRDGKRVALK"
"P29376","DIYRASYYR"
"P36507","LGAGNGGVVTKVQHRPSGLIMARK"
"Q04771","VGKGRYGEVWRGSWQGENVAVK"
"Q5S007","IIYRDLKPHNVLL"
"Q9UQM7","LGKGAFSVVRRCVKVLAGQEYAAK"
"Q9Y463","IIHCDLKPENILL"
"P50613","ILHRDLKPNNLLL"
"Q15139","IVHCDLKPENVLL"
"Q9P289","IGKGSFGEVFKGIDNRTQQVVAIK"
"Q02779","IGVGGFGKVYRALWRGEEVAVK"
"P49336","VLHRDLKPANILV"
"Q96L34","IGKGNFAKVKLARHILTGREVAIK"
"Q96RR4","IGKGSYGVVKLAYNENDNTYYAMK"
"Q9H0K1","IVHRDLKAENLLL"
"Q9HC98","IGRGQFSEVYKATCLLDRKTVALK"
"P30291","IGSGEFGSVFKCVKRLDGCIYAIK"
"P49674","FIHRDVKPDNFLM"
"P23458","LGEGHFGKVELCRYDPEGDNTGEQVAVK"
"P42345","SLAVMSMVGYILGLGDRHPSN"
"Q9BUB5","IAHRDLKPENILC"
"P49759","LTHTDLKPENILF"
"P54760","FQDQGACMALLSLHLFYKKCA"
"P78527","SHALICISHWILGIGDRHLNN"
"Q9UBF8","SCAGYCLVCYLLQVKDRHNGN"
"Q16512","IVYRDLKLDNLLL"
